id;name;middle_name;last_name;email;phone;country_code;birth_date
1;reciprocal payment;Kuwait;Runolfsson;Brigitte8@hotmail.com;(757) 948-2373 x9233;TF;2020-06-13
2;engage world-class Integration;interfaces;Rempel;Amira.Prosacco@hotmail.com;(398) 874-0688;EH;2020-06-13
3;quantify Jewelery;Internal;Wilkinson;Beatrice.Ryan@gmail.com;(974) 455-8121;BO;2020-06-13
4;Handcrafted Metal Bacon Savings Account Mouse;Saint Kitts and Nevis Mill;Braun;Quinton10@gmail.com;406.295.2496 x8922;FR;2020-06-13
5;hub Gibraltar regional;Chair Via;King;Sylvester22@hotmail.com;714-598-8829 x3651;GS;2020-06-13
6;Electronics;Automotive Music dynamic;D'Amore;Anya35@gmail.com;1-353-512-7935 x64911;IT;2020-06-13
7;wireless SCSI Wyoming;bluetooth;Wolff;Alia.Leannon@hotmail.com;961-160-0076 x4994;KI;2020-06-13
8;matrix Licensed Fresh Pizza bricks-and-clicks;magnetic systems;Turner;Lucy.Turner@yahoo.com;935.318.6545;BY;2020-06-13
9;Interactions;index;Okuneva;Forest60@yahoo.com;610.787.7197 x6676;HN;2020-06-13
10;leading-edge ivory Philippine Peso;revolutionary Handmade;Stokes;Alverta_Reichel@gmail.com;1-561-553-6548 x518;MR;2020-06-13
